filename,title,content,category
001.txt,Tech Giants Report Record Profits,"Major technology companies reported record-breaking profits this quarter, driven by cloud computing services and artificial intelligence investments. Analysts say the trend is expected to continue into next year.",business
002.txt,Prime Minister Announces New Policy,The Prime Minister unveiled a sweeping new economic policy aimed at reducing national debt and stimulating growth. Opposition parties have criticized the plan as insufficient.,business
003.txt,England Win World Cup Qualifier,"England secured a commanding victory in their World Cup qualifier last night, with two goals from their star striker. The team now sits atop their qualifying group.",sport
004.txt,Hollywood Stars at Award Ceremony,"Last night's award ceremony brought together the biggest names in Hollywood, with several surprise wins that shocked audiences worldwide.",entertainment
005.txt,Stock Markets Reach All Time High,Global stock markets reached an all-time high today as investor confidence surged following positive economic data from the United States and Europe.,business
006.txt,New Smartphone Released by Leading Brand,"A leading technology brand released its latest smartphone model today, featuring advanced camera capabilities and longer battery life than its predecessor.",business
007.txt,Government Debates Healthcare Reform,Parliament engaged in heated debate over proposed healthcare reforms that would significantly change how public medical services are funded and delivered.,business
008.txt,Champions League Final Set,"The Champions League final has been set after last night's semifinal results, with two European giants set to clash in a highly anticipated match next month.",sport
009.txt,Actor Wins Best Performance Award,"A veteran actor took home the award for best performance at last night's ceremony, thanking his family and director in an emotional speech.",entertainment
010.txt,Oil Prices Surge Amid Global Tensions,Oil prices surged to their highest level in two years as geopolitical tensions in key producing regions raised concerns about supply disruptions.,business
011.txt,New AI Tool Transforms Healthcare,Researchers have developed a new artificial intelligence tool capable of diagnosing diseases from medical scans with greater accuracy than human doctors.,sport
012.txt,Election Results Shake Political Landscape,"Shock election results have dramatically altered the political landscape, with the ruling party losing its majority for the first time in decades.",politics
013.txt,Tennis Star Claims Grand Slam Title,A rising tennis star claimed their first Grand Slam title in a thrilling five-set final that lasted nearly four hours.,sport
014.txt,Streaming Platform Breaks Viewership Record,"A popular streaming platform announced its latest original series broke all viewership records, attracting millions of subscribers in its first week.",entertainment
015.txt,Central Bank Raises Interest Rates,"The central bank raised interest rates by half a percentage point in response to persistently high inflation, impacting mortgage holders across the country.",business
016.txt,Electric Vehicle Sales Boom Globally,"Sales of electric vehicles surged globally last year, with manufacturers struggling to keep up with demand as governments offer generous subsidies.",business
017.txt,Opposition Leader Calls for Snap Election,"The opposition leader called for an immediate snap election, accusing the government of mismanaging public finances and losing the public's trust.",politics
018.txt,Olympic Athletes Begin Final Preparations,Olympic athletes from around the world have arrived at the host city and begun their final preparations ahead of the opening ceremony next week.,sport
019.txt,Blockbuster Film Breaks Box Office Records,"The latest blockbuster film shattered box office records in its opening weekend, earning over $300 million globally in just three days.",entertainment
020.txt,Cybersecurity Breach Affects Millions,"A major cybersecurity breach has exposed the personal data of millions of customers, prompting urgent calls for stronger data protection regulations.",business
021.txt,Chancellor Presents Annual Budget,"The Chancellor presented the annual budget to parliament today, announcing increased spending on infrastructure and cuts to personal income tax.",business
022.txt,Football Club Signs Record Transfer,"A top football club completed a record-breaking transfer deal, signing a world-class midfielder for a fee that surpassed all previous records.",sport
023.txt,Music Festival Draws Record Crowds,"This year's music festival drew record crowds despite challenging weather conditions, with headline acts receiving widespread critical acclaim.",entertainment
024.txt,Tech Startup Raises Billions in Funding,"A technology startup focused on renewable energy solutions raised billions in venture capital funding, signaling strong investor confidence in green tech.",business
025.txt,Parliament Votes on Immigration Bill,Parliament voted on a controversial immigration bill that would significantly tighten border controls and change asylum seeker processing procedures.,politics
026.txt,Rugby Team Wins International Championship,The national rugby team claimed the international championship title after a dominant performance against their longtime rivals in the final.,sport
027.txt,Film Director Announces New Project,"An acclaimed film director announced their next major project, a historical epic that will begin production next spring with an all-star cast.",entertainment
028.txt,Retail Sales Fall Amid Cost of Living Crisis,Retail sales fell sharply last month as the ongoing cost of living crisis forced consumers to cut back on non-essential spending.,business
029.txt,Social Media Platform Faces New Regulations,A major social media platform is facing new government regulations requiring greater transparency around content moderation and user data practices.,tech
030.txt,Cycling Champion Defends Tour Title,The reigning cycling champion successfully defended their Tour title in a grueling final stage that saw multiple competitors abandon the race.,sport
031.txt,Grammy Awards Celebrate Music Excellence,"The Grammy Awards celebrated the best in music this year, with several artists winning multiple awards across different categories.",entertainment
032.txt,Housing Market Shows Signs of Recovery,The housing market showed early signs of recovery last month as mortgage approvals rose for the third consecutive month following rate stabilization.,business
033.txt,Government Launches Digital ID Programme,The government launched a new digital identity programme aimed at simplifying access to public services and reducing administrative costs.,business
034.txt,Marathon Runner Sets New World Record,A long-distance runner shattered the world marathon record by over a minute in a stunning performance at a major international event.,sport
035.txt,Streaming Wars Intensify as New Platform Launches,"The streaming wars intensified as yet another major media company launched its own platform, further fragmenting the digital entertainment market.",business
036.txt,Trade Deficit Widens as Imports Rise,The national trade deficit widened significantly last quarter as import volumes rose sharply while export growth remained sluggish.,business
037.txt,Political Party Elects New Leader,"A major political party elected a new leader following a divisive internal vote, promising to unite the party ahead of upcoming elections.",politics
038.txt,Swimming Star Breaks Olympic Record,"A swimming superstar broke the Olympic record in the 100 metre freestyle event, cementing their status as the greatest of their generation.",sport
039.txt,Celebrity Couple Announces Separation,"A high-profile celebrity couple announced their separation after five years of marriage, releasing a joint statement asking for privacy.",business
040.txt,Inflation Falls to Two Year Low,"Inflation fell to its lowest level in two years last month, raising hopes that the central bank may begin cutting interest rates soon.",business
041.txt,New Data Privacy Law Takes Effect,"A sweeping new data privacy law came into effect today, imposing strict requirements on companies regarding how they collect and store user data.",business
042.txt,Government Faces No Confidence Vote,"The government faced a dramatic no confidence vote in parliament, surviving by a narrow margin after intense lobbying of backbench members.",business
043.txt,Boxer Wins World Heavyweight Title,"A hometown hero won the world heavyweight boxing title in a stunning upset, knocking out the defending champion in the eighth round.",sport
044.txt,Music Star Announces World Tour,A globally renowned music star announced a massive world tour set to visit over 50 cities across six continents over the next year.,entertainment
045.txt,Consumer Confidence Rises Sharply,"Consumer confidence rose sharply this month according to a new survey, suggesting households are feeling more optimistic about their financial situation.",business
046.txt,Robot Surgeon Performs Complex Operation,"A robot-assisted surgical system successfully performed a highly complex operation, with surgeons praising the precision and reduced recovery times.",business
047.txt,Local Elections Signal Shift in Voter Mood,"Local election results signaled a significant shift in voter mood, with the main opposition party making substantial gains across urban areas.",politics
048.txt,Winter Olympics Conclude with Ceremony,"The Winter Olympics concluded with a spectacular closing ceremony, with the host nation topping the overall medal table for the first time.",sport
049.txt,Award Winning Series Returns for New Season,"A critically acclaimed television series returned for its highly anticipated new season, with the premiere attracting record viewing figures.",entertainment
050.txt,GDP Growth Exceeds Analyst Expectations,"Gross domestic product grew faster than expected last quarter, beating analyst forecasts and easing concerns about a potential economic slowdown.",business
051.txt,Government Plans Major Rail Expansion,"The government unveiled ambitious plans for a major expansion of the national rail network, promising faster journey times and reduced carbon emissions.",politics
052.txt,Athletes Prepare for National Championships,"Hundreds of athletes descended on the capital city to prepare for the national championships, the most competitive in the event's history.",sport
053.txt,Podcast Platform Acquires Major Studio,A leading podcast platform acquired a major audio production studio in a deal that signals its ambition to dominate the digital audio market.,business
054.txt,Bank Profits Rise Despite Economic Uncertainty,"Major banks reported rising profits despite ongoing economic uncertainty, driven by higher interest margins on loans and mortgages.",business
055.txt,Health Secretary Announces NHS Funding Boost,"The Health Secretary announced a significant funding boost for the national health service, targeting reduced waiting times for elective procedures.",politics
056.txt,Golfer Claims Prestigious Major Title,A veteran golfer claimed their first prestigious major title after a final round comeback that left spectators stunned at the 18th hole.,sport
057.txt,Actress Breaks Into Directing with Debut Film,A well-known actress made her directorial debut with a critically praised independent film that premiered at a major international film festival.,entertainment
058.txt,Unemployment Rate Hits Record Low,"The national unemployment rate fell to a record low last month, with job creation exceeding expectations across the manufacturing and services sectors.",business
059.txt,Smartphone Maker Unveils Foldable Device,"A leading smartphone manufacturer unveiled its latest foldable device, promising a revolutionary user experience and durability improvements over previous models.",business
060.txt,Defence Secretary Outlines New Strategy,The Defence Secretary outlined a new national security strategy that includes increased military spending and stronger alliances with partner nations.,business
061.txt,Sprinter Wins Gold at World Athletics,"A young sprinter won gold at the World Athletics Championships, running the fastest time of the year to claim victory in the 200 metres.",sport
062.txt,Comedian Wins Top Entertainment Award,"A beloved comedian won the top prize at the national entertainment awards, dedicating the trophy to their late mentor in an emotional speech.",entertainment
063.txt,Merger Creates New Banking Giant,"Two of the country's largest banks completed a landmark merger, creating a new financial giant that will serve over 20 million customers.",business
064.txt,Space Agency Launches New Satellite,"The national space agency successfully launched a new communications satellite into orbit, expanding broadband coverage to remote rural areas.",business
065.txt,Political Scandal Rocks Ruling Party,A major political scandal rocked the ruling party as leaked documents revealed improper use of public funds by senior government officials.,politics
066.txt,Footballer Retires After Illustrious Career,One of the sport's greatest players announced their retirement after a 20-year career that included multiple league titles and international honours.,sport
067.txt,Theatre Production Receives Rave Reviews,"A new theatre production opened to unanimous rave reviews, with critics praising its innovative staging and outstanding ensemble performances.",entertainment
068.txt,Energy Bills Set to Fall This Winter,"Household energy bills are set to fall this winter following a significant drop in wholesale gas prices, providing relief for millions of families.",business
069.txt,Tech Company Launches New AI Assistant,"A major technology company launched its next-generation artificial intelligence assistant, promising more natural conversations and improved task completion.",business
070.txt,Foreign Minister Meets International Counterparts,The Foreign Minister held a series of bilateral meetings with international counterparts at a global summit focused on trade and security cooperation.,business
071.txt,Swimmer Claims Record Breaking Victory,"A teenage swimmer claimed a record-breaking victory at the national championships, qualifying for next year's international competition in the process.",sport
072.txt,Film Festival Announces Award Winners,"The prestigious film festival announced its award winners, with an independent production taking the top prize over several big-budget studio films.",entertainment
073.txt,Property Prices Fall for Third Month,Property prices fell for the third consecutive month as higher mortgage rates continued to dampen demand among first-time buyers.,business
074.txt,Government Pledges Action on Climate Change,"The government pledged ambitious new action on climate change, including targets to reduce carbon emissions by 60 percent within the next decade.",politics
075.txt,Cricket Team Wins Test Series,"The national cricket team won the test series with a match to spare, with their star batsman scoring a century in the decisive match.",sport
076.txt,Music Streaming Revenue Hits New Peak,"Music streaming revenue hit a new peak last year as subscriber numbers continued to grow, with independent artists benefiting most from the shift.",entertainment
077.txt,New Budget Sparks Economic Debate,"The newly announced budget sparked intense economic debate, with business groups welcoming tax cuts while unions criticized reduced public spending.",business
078.txt,Virtual Reality Headset Sales Surge,"Sales of virtual reality headsets surged following a major price reduction, with developers rushing to create new content for the expanding user base.",business
079.txt,Prime Minister Reshuffles Cabinet,"The Prime Minister carried out a significant cabinet reshuffle, bringing in fresh faces to key ministerial positions ahead of next year's election.",politics
080.txt,Basketball Team Claims Championship Title,The city's basketball team claimed the national championship title in an overtime thriller that kept fans on the edge of their seats.,sport
081.txt,Comedian Tours New Stand Up Show,"A popular comedian embarked on a nationwide tour of their new stand-up show, which has already received outstanding reviews from critics.",entertainment
082.txt,Interest Rates Hold Steady This Month,"The central bank held interest rates steady this month following a period of consecutive increases, signaling a possible pause in monetary tightening.",business
083.txt,Satellite Internet Service Expands Coverage,"A satellite internet service announced a major expansion of its coverage area, bringing high-speed connectivity to millions of previously unserved households.",tech
084.txt,Shadow Chancellor Attacks Spending Plans,"The shadow chancellor launched a fierce attack on the government's spending plans, warning they would lead to unsustainable levels of public debt.",politics
085.txt,Football Manager Sacked After Poor Run,A Premier League football manager was sacked following a dismal run of results that left the club dangerously close to the relegation zone.,sport
086.txt,Documentary Series Wins International Emmy,"A groundbreaking documentary series won the International Emmy Award, bringing global recognition to its producers and the stories it told.",entertainment
087.txt,Fintech Startup Disrupts Banking Sector,A fast-growing fintech startup announced plans to challenge traditional banks by offering zero-fee current accounts and higher savings interest rates.,business
088.txt,Athletics World Record Broken in Berlin,"A world record was broken at the international athletics meeting in Berlin, with the athlete crediting new training techniques for the improvement.",sport
089.txt,Government Responds to Homelessness Crisis,"The government announced an emergency response package to address the growing homelessness crisis, including funding for thousands of new shelter places.",business
090.txt,Video Game Sales Break Industry Records,"Video game sales broke industry records last year, driven by the release of several blockbuster titles and the continued growth of mobile gaming.",tech
091.txt,Parliament Debates Foreign Policy Direction,"Parliament engaged in a wide-ranging debate on foreign policy direction, with divisions emerging within the ruling party over relations with key allies.",politics
092.txt,Snooker Player Wins World Championship,"A young snooker player won the world championship at their first attempt, defeating the defending champion in a dramatic final frame decider.",sport
093.txt,Pop Star Releases Surprise Album,"A globally famous pop star released a surprise album with no prior announcement, breaking streaming records within hours of its midnight release.",entertainment
094.txt,Retail Giant Announces Store Closures,"A major retail chain announced the closure of dozens of stores across the country, citing changing shopping habits and rising operational costs.",business
095.txt,Autonomous Vehicle Trials Begin in City,"Trials of fully autonomous vehicles began on public roads in a major city, marking a significant milestone for the self-driving technology industry.",business
096.txt,Minister Resigns Over Expenses Controversy,"A senior government minister resigned following revelations about improper expenses claims, increasing pressure on the Prime Minister's leadership.",business
097.txt,Horse Racing Champion Wins Grand National,"The heavily favoured horse won the Grand National in dramatic fashion, holding off a late challenge to claim victory by a narrow margin.",sport
098.txt,Streaming Giant Cancels Popular Series,"A popular streaming giant cancelled one of its most-watched original series, disappointing millions of fans who had been expecting a final season.",entertainment
099.txt,Exports Rise as Currency Weakens,National exports rose sharply last quarter as a weakening currency made domestically produced goods more competitive in international markets.,business
100.txt,Wearable Tech Market Grows Rapidly,"The wearable technology market grew rapidly last year, with smartwatches and fitness trackers becoming mainstream consumer products across all age groups.",business
